Patient_County_Code,Admission_Start_Care_Date,RESP
58,20150101,10
59,20150101,16
60,20150101,4
61,20150101,13
62,20150101,5
58,20150102,11
59,20150102,28
60,20150102,10
61,20150102,20
62,20150102,5
58,20150103,12
59,20150103,18
60,20150103,9
61,20150103,12
62,20150103,4
58,20150104,9
59,20150104,19
60,20150104,8
61,20150104,12
62,20150104,5
58,20150105,5
59,20150105,15
60,20150105,9
61,20150105,14
62,20150105,5
58,20150106,14
59,20150106,17
60,20150106,15
61,20150106,15
62,20150106,5
58,20150107,13
59,20150107,18
60,20150107,10
61,20150107,8
62,20150107,6
58,20150108,5
59,20150108,12
60,20150108,5
61,20150108,11
62,20150108,2
58,20150109,9
59,20150109,21
60,20150109,1
61,20150109,15
62,20150109,1
58,20150110,3
59,20150110,14
60,20150110,4
61,20150110,11
62,20150110,3
58,20150111,10
59,20150111,14
60,20150111,4
61,20150111,8
62,20150111,1
58,20150112,9
59,20150112,23
60,20150112,4
61,20150112,12
62,20150112,4
58,20150113,14
59,20150113,13
60,20150113,10
61,20150113,10
62,20150113,5
58,20150114,15
59,20150114,10
60,20150114,6
61,20150114,9
62,20150114,2
58,20150115,9
59,20150115,19
60,20150115,7
61,20150115,18
62,20150115,2
58,20150116,7
59,20150116,11
60,20150116,7
61,20150116,10
62,20150116,1
58,20150117,13
59,20150117,10
60,20150117,9
61,20150117,8
62,20150117,1
58,20150118,14
59,20150118,19
60,20150118,7
61,20150118,12
62,20150118,2
58,20150119,8
59,20150119,15
60,20150119,9
61,20150119,17
62,20150119,7
58,20150120,10
59,20150120,16
60,20150120,13
61,20150120,12
62,20150120,2
58,20150121,17
59,20150121,19
60,20150121,8
61,20150121,10
62,20150121,1
58,20150122,8
59,20150122,10
60,20150122,6
61,20150122,10
62,20150122,4
58,20150123,11
59,20150123,13
60,20150123,8
61,20150123,14
62,20150123,5
58,20150124,8
59,20150124,8
60,20150124,4
61,20150124,13
62,20150124,1
58,20150125,9
59,20150125,16
60,20150125,10
61,20150125,5
62,20150125,3
58,20150126,10
59,20150126,17
60,20150126,9
61,20150126,10
62,20150126,3
58,20150127,9
59,20150127,5
60,20150127,5
61,20150127,9
62,20150127,1
58,20150128,11
59,20150128,19
60,20150128,8
61,20150128,13
62,20150128,3
58,20150129,9
59,20150129,11
60,20150129,7
61,20150129,14
62,20150129,1
58,20150130,11
59,20150130,15
60,20150130,7
61,20150130,14
62,20150130,5
58,20150131,7
59,20150131,9
60,20150131,5
61,20150131,10
62,20150131,1
58,20150201,7
59,20150201,18
60,20150201,5
61,20150201,12
62,20150201,3
58,20150202,8
59,20150202,18
60,20150202,8
61,20150202,10
62,20150202,1
58,20150203,7
59,20150203,3
60,20150203,12
61,20150203,18
62,20150203,4
58,20150204,14
59,20150204,14
60,20150204,8
61,20150204,15
62,20150204,4
58,20150205,4
59,20150205,13
60,20150205,6
61,20150205,11
62,20150205,3
58,20150206,11
59,20150206,11
60,20150206,8
61,20150206,7
62,20150206,3
58,20150207,10
59,20150207,15
60,20150207,8
61,20150207,12
62,20150207,3
58,20150208,6
59,20150208,15
60,20150208,8
61,20150208,13
62,20150208,2
58,20150209,12
59,20150209,10
60,20150209,6
61,20150209,10
62,20150209,2
58,20150210,16
59,20150210,10
60,20150210,4
61,20150210,10
62,20150210,0
58,20150211,9
59,20150211,11
60,20150211,9
61,20150211,10
62,20150211,0
58,20150212,11
59,20150212,10
60,20150212,7
61,20150212,7
62,20150212,2
58,20150213,15
59,20150213,16
60,20150213,2
61,20150213,9
62,20150213,2
58,20150214,10
59,20150214,10
60,20150214,6
61,20150214,8
62,20150214,1
58,20150215,5
59,20150215,10
60,20150215,4
61,20150215,10
62,20150215,1
58,20150216,15
59,20150216,7
60,20150216,7
61,20150216,12
62,20150216,0
58,20150217,11
59,20150217,14
60,20150217,8
61,20150217,12
62,20150217,6
58,20150218,14
59,20150218,21
60,20150218,10
61,20150218,11
62,20150218,1
58,20150219,9
59,20150219,11
60,20150219,4
61,20150219,9
62,20150219,3
58,20150220,13
59,20150220,17
60,20150220,6
61,20150220,6
62,20150220,2
58,20150221,10
59,20150221,7
60,20150221,6
61,20150221,10
62,20150221,4
58,20150222,10
59,20150222,12
60,20150222,4
61,20150222,10
62,20150222,3
58,20150223,13
59,20150223,11
60,20150223,8
61,20150223,10
62,20150223,3
58,20150224,8
59,20150224,18
60,20150224,11
61,20150224,11
62,20150224,3
58,20150225,8
59,20150225,12
60,20150225,6
61,20150225,5
62,20150225,4
58,20150226,16
59,20150226,16
60,20150226,6
61,20150226,18
62,20150226,4
58,20150227,10
59,20150227,13
60,20150227,5
61,20150227,7
62,20150227,1
58,20150228,14
59,20150228,11
60,20150228,7
61,20150228,3
62,20150228,1
58,20150301,6
59,20150301,6
60,20150301,3
61,20150301,11
62,20150301,4
58,20150302,13
59,20150302,17
60,20150302,2
61,20150302,8
62,20150302,4
58,20150303,8
59,20150303,15
60,20150303,12
61,20150303,11
62,20150303,4
58,20150304,11
59,20150304,12
60,20150304,2
61,20150304,9
62,20150304,3
58,20150305,4
59,20150305,15
60,20150305,10
61,20150305,8
62,20150305,0
58,20150306,10
59,20150306,7
60,20150306,7
61,20150306,4
62,20150306,2
58,20150307,6
59,20150307,15
60,20150307,4
61,20150307,10
62,20150307,3
58,20150308,5
59,20150308,11
60,20150308,4
61,20150308,7
62,20150308,2
58,20150309,9
59,20150309,11
60,20150309,2
61,20150309,8
62,20150309,2
58,20150310,10
59,20150310,11
60,20150310,7
61,20150310,9
62,20150310,4
58,20150311,12
59,20150311,10
60,20150311,6
61,20150311,8
62,20150311,3
58,20150312,8
59,20150312,10
60,20150312,6
61,20150312,8
62,20150312,4
58,20150313,10
59,20150313,7
60,20150313,4
61,20150313,9
62,20150313,1
58,20150314,8
59,20150314,7
60,20150314,5
61,20150314,8
62,20150314,2
58,20150315,9
59,20150315,9
60,20150315,6
61,20150315,6
62,20150315,2
58,20150316,11
59,20150316,6
60,20150316,6
61,20150316,5
62,20150316,4
58,20150317,7
59,20150317,11
60,20150317,4
61,20150317,13
62,20150317,3
58,20150318,12
59,20150318,13
60,20150318,3
61,20150318,7
62,20150318,4
58,20150319,5
59,20150319,17
60,20150319,4
61,20150319,5
62,20150319,2
58,20150320,11
59,20150320,8
60,20150320,6
61,20150320,7
62,20150320,3
58,20150321,11
59,20150321,21
60,20150321,5
61,20150321,10
62,20150321,0
58,20150322,6
59,20150322,7
60,20150322,7
61,20150322,9
62,20150322,1
58,20150323,8
59,20150323,9
60,20150323,6
61,20150323,6
62,20150323,0
58,20150324,8
59,20150324,11
60,20150324,3
61,20150324,6
62,20150324,2
58,20150325,11
59,20150325,5
60,20150325,3
61,20150325,11
62,20150325,0
58,20150326,9
59,20150326,11
60,20150326,7
61,20150326,5
62,20150326,4
58,20150327,4
59,20150327,9
60,20150327,6
61,20150327,8
62,20150327,5
58,20150328,4
59,20150328,10
60,20150328,0
61,20150328,11
62,20150328,0
58,20150329,4
59,20150329,11
60,20150329,3
61,20150329,2
62,20150329,0
58,20150330,7
59,20150330,12
60,20150330,5
61,20150330,11
62,20150330,3
58,20150331,6
59,20150331,16
60,20150331,3
61,20150331,4
62,20150331,5
58,20150401,2
59,20150401,11
60,20150401,5
61,20150401,9
62,20150401,2
58,20150402,11
59,20150402,9
60,20150402,3
61,20150402,11
62,20150402,2
58,20150403,14
59,20150403,15
60,20150403,4
61,20150403,10
62,20150403,1
58,20150404,11
59,20150404,9
60,20150404,3
61,20150404,7
62,20150404,5
58,20150405,12
59,20150405,6
60,20150405,8
61,20150405,6
62,20150405,2
58,20150406,11
59,20150406,16
60,20150406,5
61,20150406,9
62,20150406,4
58,20150407,10
59,20150407,9
60,20150407,7
61,20150407,5
62,20150407,3
58,20150408,11
59,20150408,8
60,20150408,2
61,20150408,6
62,20150408,4
58,20150409,12
59,20150409,11
60,20150409,4
61,20150409,12
62,20150409,2
58,20150410,14
59,20150410,10
60,20150410,8
61,20150410,9
62,20150410,0
58,20150411,10
59,20150411,8
60,20150411,0
61,20150411,9
62,20150411,3
58,20150412,9
59,20150412,8
60,20150412,5
61,20150412,7
62,20150412,2
58,20150413,11
59,20150413,13
60,20150413,1
61,20150413,12
62,20150413,1
58,20150414,10
59,20150414,14
60,20150414,7
61,20150414,6
62,20150414,3
58,20150415,12
59,20150415,5
60,20150415,11
61,20150415,6
62,20150415,1
58,20150416,6
59,20150416,12
60,20150416,5
61,20150416,9
62,20150416,3
58,20150417,4
59,20150417,12
60,20150417,2
61,20150417,7
62,20150417,2
58,20150418,5
59,20150418,11
60,20150418,4
61,20150418,4
62,20150418,0
58,20150419,9
59,20150419,9
60,20150419,2
61,20150419,1
62,20150419,0
58,20150420,5
59,20150420,10
60,20150420,4
61,20150420,5
62,20150420,6
58,20150421,6
59,20150421,14
60,20150421,5
61,20150421,9
62,20150421,5
58,20150422,9
59,20150422,15
60,20150422,9
61,20150422,8
62,20150422,1
58,20150423,6
59,20150423,7
60,20150423,2
61,20150423,12
62,20150423,1
58,20150424,7
59,20150424,7
60,20150424,2
61,20150424,12
62,20150424,4
58,20150425,11
59,20150425,8
60,20150425,1
61,20150425,5
62,20150425,2
58,20150426,9
59,20150426,9
60,20150426,4
61,20150426,4
62,20150426,1
58,20150427,9
59,20150427,16
60,20150427,11
61,20150427,4
62,20150427,2
58,20150428,17
59,20150428,9
60,20150428,6
61,20150428,9
62,20150428,5
58,20150429,11
59,20150429,7
60,20150429,9
61,20150429,8
62,20150429,3
58,20150430,4
59,20150430,14
60,20150430,4
61,20150430,10
62,20150430,1
58,20150501,8
59,20150501,15
60,20150501,5
61,20150501,6
62,20150501,1
58,20150502,6
59,20150502,8
60,20150502,3
61,20150502,6
62,20150502,4
58,20150503,6
59,20150503,8
60,20150503,1
61,20150503,3
62,20150503,1
58,20150504,8
59,20150504,16
60,20150504,3
61,20150504,11
62,20150504,1
58,20150505,6
59,20150505,10
60,20150505,7
61,20150505,10
62,20150505,2
58,20150506,14
59,20150506,9
60,20150506,10
61,20150506,10
62,20150506,4
58,20150507,21
59,20150507,15
60,20150507,7
61,20150507,12
62,20150507,3
58,20150508,6
59,20150508,10
60,20150508,8
61,20150508,10
62,20150508,3
58,20150509,4
59,20150509,5
60,20150509,5
61,20150509,9
62,20150509,0
58,20150510,7
59,20150510,9
60,20150510,5
61,20150510,8
62,20150510,1
58,20150511,10
59,20150511,10
60,20150511,10
61,20150511,7
62,20150511,1
58,20150512,4
59,20150512,12
60,20150512,4
61,20150512,4
62,20150512,2
58,20150513,9
59,20150513,14
60,20150513,5
61,20150513,4
62,20150513,4
58,20150514,9
59,20150514,10
60,20150514,0
61,20150514,9
62,20150514,4
58,20150515,8
59,20150515,1
60,20150515,7
61,20150515,6
62,20150515,2
58,20150516,9
59,20150516,11
60,20150516,1
61,20150516,2
62,20150516,0
58,20150517,9
59,20150517,9
60,20150517,8
61,20150517,2
62,20150517,1
58,20150518,11
59,20150518,21
60,20150518,8
61,20150518,10
62,20150518,3
58,20150519,7
59,20150519,9
60,20150519,7
61,20150519,5
62,20150519,2
58,20150520,4
59,20150520,8
60,20150520,3
61,20150520,8
62,20150520,2
58,20150521,8
59,20150521,7
60,20150521,3
61,20150521,6
62,20150521,1
58,20150522,8
59,20150522,9
60,20150522,5
61,20150522,5
62,20150522,1
58,20150523,5
59,20150523,9
60,20150523,5
61,20150523,6
62,20150523,1
58,20150524,2
59,20150524,7
60,20150524,6
61,20150524,5
62,20150524,0
58,20150525,4
59,20150525,7
60,20150525,9
61,20150525,5
62,20150525,1
58,20150526,9
59,20150526,8
60,20150526,0
61,20150526,7
62,20150526,5
58,20150527,8
59,20150527,10
60,20150527,6
61,20150527,7
62,20150527,3
58,20150528,7
59,20150528,9
60,20150528,2
61,20150528,15
62,20150528,3
58,20150529,9
59,20150529,10
60,20150529,6
61,20150529,7
62,20150529,2
58,20150530,5
59,20150530,8
60,20150530,1
61,20150530,4
62,20150530,2
58,20150531,9
59,20150531,9
60,20150531,4
61,20150531,9
62,20150531,0
58,20150601,8
59,20150601,13
60,20150601,2
61,20150601,11
62,20150601,3
58,20150602,5
59,20150602,3
60,20150602,3
61,20150602,16
62,20150602,0
58,20150603,9
59,20150603,6
60,20150603,5
61,20150603,7
62,20150603,1
58,20150604,4
59,20150604,6
60,20150604,8
61,20150604,13
62,20150604,0
58,20150605,12
59,20150605,5
60,20150605,6
61,20150605,6
62,20150605,3
58,20150606,9
59,20150606,11
60,20150606,5
61,20150606,4
62,20150606,0
58,20150607,3
59,20150607,6
60,20150607,2
61,20150607,5
62,20150607,3
58,20150608,6
59,20150608,16
60,20150608,3
61,20150608,9
62,20150608,3
58,20150609,4
59,20150609,10
60,20150609,8
61,20150609,7
62,20150609,2
58,20150610,7
59,20150610,5
60,20150610,9
61,20150610,3
62,20150610,2
58,20150611,7
59,20150611,6
60,20150611,7
61,20150611,4
62,20150611,1
58,20150612,8
59,20150612,12
60,20150612,5
61,20150612,5
62,20150612,1
58,20150613,7
59,20150613,6
60,20150613,5
61,20150613,5
62,20150613,5
58,20150614,7
59,20150614,10
60,20150614,1
61,20150614,4
62,20150614,0
58,20150615,9
59,20150615,12
60,20150615,9
61,20150615,8
62,20150615,4
58,20150616,8
59,20150616,11
60,20150616,10
61,20150616,7
62,20150616,3
58,20150617,8
59,20150617,7
60,20150617,7
61,20150617,9
62,20150617,3
58,20150618,8
59,20150618,10
60,20150618,2
61,20150618,4
62,20150618,3
58,20150619,1
59,20150619,6
60,20150619,6
61,20150619,12
62,20150619,4
58,20150620,6
59,20150620,7
60,20150620,5
61,20150620,7
62,20150620,2
58,20150621,8
59,20150621,6
60,20150621,4
61,20150621,8
62,20150621,1
58,20150622,9
59,20150622,10
60,20150622,6
61,20150622,11
62,20150622,5
58,20150623,11
59,20150623,8
60,20150623,3
61,20150623,1
62,20150623,2
58,20150624,9
59,20150624,8
60,20150624,3
61,20150624,8
62,20150624,3
58,20150625,4
59,20150625,12
60,20150625,6
61,20150625,5
62,20150625,4
58,20150626,9
59,20150626,6
60,20150626,2
61,20150626,4
62,20150626,7
58,20150627,3
59,20150627,9
60,20150627,1
61,20150627,8
62,20150627,4
58,20150628,7
59,20150628,2
60,20150628,5
61,20150628,1
62,20150628,2
58,20150629,7
59,20150629,11
60,20150629,4
61,20150629,5
62,20150629,4
58,20150630,13
59,20150630,10
60,20150630,2
61,20150630,7
62,20150630,1
58,20150701,6
59,20150701,6
60,20150701,5
61,20150701,4
62,20150701,1
58,20150702,7
59,20150702,14
60,20150702,8
61,20150702,6
62,20150702,2
58,20150703,7
59,20150703,7
60,20150703,4
61,20150703,6
62,20150703,1
58,20150704,8
59,20150704,9
60,20150704,4
61,20150704,2
62,20150704,1
58,20150705,9
59,20150705,6
60,20150705,4
61,20150705,2
62,20150705,1
58,20150706,9
59,20150706,7
60,20150706,3
61,20150706,7
62,20150706,1
58,20150707,4
59,20150707,7
60,20150707,10
61,20150707,5
62,20150707,6
58,20150708,7
59,20150708,8
60,20150708,3
61,20150708,7
62,20150708,0
58,20150709,6
59,20150709,10
60,20150709,1
61,20150709,7
62,20150709,2
58,20150710,9
59,20150710,5
60,20150710,1
61,20150710,11
62,20150710,1
58,20150711,4
59,20150711,11
60,20150711,1
61,20150711,2
62,20150711,2
58,20150712,2
59,20150712,6
60,20150712,3
61,20150712,3
62,20150712,3
58,20150713,3
59,20150713,11
60,20150713,9
61,20150713,7
62,20150713,4
58,20150714,8
59,20150714,9
60,20150714,6
61,20150714,6
62,20150714,2
58,20150715,7
59,20150715,10
60,20150715,2
61,20150715,6
62,20150715,7
58,20150716,5
59,20150716,9
60,20150716,3
61,20150716,6
62,20150716,4
58,20150717,8
59,20150717,4
60,20150717,6
61,20150717,1
62,20150717,2
58,20150718,4
59,20150718,6
60,20150718,6
61,20150718,1
62,20150718,2
58,20150719,4
59,20150719,7
60,20150719,6
61,20150719,7
62,20150719,1
58,20150720,7
59,20150720,10
60,20150720,4
61,20150720,6
62,20150720,2
58,20150721,1
59,20150721,4
60,20150721,4
61,20150721,7
62,20150721,1
58,20150722,5
59,20150722,9
60,20150722,2
61,20150722,8
62,20150722,4
58,20150723,4
59,20150723,8
60,20150723,5
61,20150723,7
62,20150723,2
58,20150724,10
59,20150724,6
60,20150724,4
61,20150724,7
62,20150724,1
58,20150725,4
59,20150725,5
60,20150725,3
61,20150725,3
62,20150725,1
58,20150726,10
59,20150726,10
60,20150726,5
61,20150726,2
62,20150726,0
58,20150727,5
59,20150727,9
60,20150727,3
61,20150727,8
62,20150727,1
58,20150728,4
59,20150728,8
60,20150728,3
61,20150728,11
62,20150728,2
58,20150729,6
59,20150729,5
60,20150729,4
61,20150729,4
62,20150729,3
58,20150730,5
59,20150730,7
60,20150730,4
61,20150730,7
62,20150730,0
58,20150731,5
59,20150731,10
60,20150731,8
61,20150731,8
62,20150731,1
58,20150801,7
59,20150801,5
60,20150801,4
61,20150801,4
62,20150801,1
58,20150802,2
59,20150802,4
60,20150802,2
61,20150802,4
62,20150802,1
58,20150803,3
59,20150803,8
60,20150803,5
61,20150803,5
62,20150803,0
58,20150804,5
59,20150804,11
60,20150804,4
61,20150804,5
62,20150804,5
58,20150805,6
59,20150805,7
60,20150805,1
61,20150805,7
62,20150805,1
58,20150806,7
59,20150806,10
60,20150806,2
61,20150806,4
62,20150806,4
58,20150807,9
59,20150807,8
60,20150807,4
61,20150807,10
62,20150807,3
58,20150808,10
59,20150808,8
60,20150808,4
61,20150808,4
62,20150808,1
58,20150809,0
59,20150809,9
60,20150809,7
61,20150809,5
62,20150809,2
58,20150810,7
59,20150810,9
60,20150810,2
61,20150810,8
62,20150810,3
58,20150811,4
59,20150811,9
60,20150811,9
61,20150811,6
62,20150811,1
58,20150812,8
59,20150812,8
60,20150812,3
61,20150812,7
62,20150812,5
58,20150813,4
59,20150813,11
60,20150813,3
61,20150813,12
62,20150813,1
58,20150814,5
59,20150814,6
60,20150814,6
61,20150814,7
62,20150814,4
58,20150815,3
59,20150815,4
60,20150815,4
61,20150815,4
62,20150815,0
58,20150816,3
59,20150816,4
60,20150816,2
61,20150816,6
62,20150816,3
58,20150817,6
59,20150817,10
60,20150817,8
61,20150817,5
62,20150817,3
58,20150818,12
59,20150818,11
60,20150818,4
61,20150818,3
62,20150818,0
58,20150819,7
59,20150819,6
60,20150819,7
61,20150819,7
62,20150819,1
58,20150820,4
59,20150820,16
60,20150820,4
61,20150820,5
62,20150820,3
58,20150821,4
59,20150821,3
60,20150821,4
61,20150821,9
62,20150821,2
58,20150822,3
59,20150822,3
60,20150822,2
61,20150822,4
62,20150822,0
58,20150823,6
59,20150823,8
60,20150823,3
61,20150823,12
62,20150823,0
58,20150824,9
59,20150824,12
60,20150824,5
61,20150824,7
62,20150824,3
58,20150825,11
59,20150825,8
60,20150825,3
61,20150825,6
62,20150825,2
58,20150826,4
59,20150826,8
60,20150826,5
61,20150826,7
62,20150826,0
58,20150827,3
59,20150827,14
60,20150827,3
61,20150827,2
62,20150827,4
58,20150828,1
59,20150828,11
60,20150828,1
61,20150828,9
62,20150828,1
58,20150829,8
59,20150829,2
60,20150829,4
61,20150829,3
62,20150829,0
58,20150830,2
59,20150830,6
60,20150830,3
61,20150830,3
62,20150830,5
58,20150831,6
59,20150831,9
60,20150831,6
61,20150831,3
62,20150831,1
58,20150901,8
59,20150901,10
60,20150901,13
61,20150901,7
62,20150901,2
58,20150902,8
59,20150902,12
60,20150902,8
61,20150902,2
62,20150902,2
58,20150903,8
59,20150903,12
60,20150903,2
61,20150903,2
62,20150903,2
58,20150904,8
59,20150904,9
60,20150904,6
61,20150904,4
62,20150904,3
58,20150905,3
59,20150905,9
60,20150905,2
61,20150905,4
62,20150905,1
58,20150906,9
59,20150906,7
60,20150906,5
61,20150906,6
62,20150906,1
58,20150907,3
59,20150907,2
60,20150907,5
61,20150907,8
62,20150907,2
58,20150908,4
59,20150908,8
60,20150908,6
61,20150908,6
62,20150908,1
58,20150909,5
59,20150909,11
60,20150909,2
61,20150909,11
62,20150909,2
58,20150910,8
59,20150910,9
60,20150910,6
61,20150910,7
62,20150910,1
58,20150911,7
59,20150911,6
60,20150911,5
61,20150911,3
62,20150911,3
58,20150912,11
59,20150912,7
60,20150912,5
61,20150912,7
62,20150912,5
58,20150913,4
59,20150913,12
60,20150913,2
61,20150913,2
62,20150913,2
58,20150914,6
59,20150914,9
60,20150914,2
61,20150914,7
62,20150914,4
58,20150915,4
59,20150915,14
60,20150915,5
61,20150915,10
62,20150915,1
58,20150916,10
59,20150916,4
60,20150916,3
61,20150916,8
62,20150916,5
58,20150917,4
59,20150917,14
60,20150917,4
61,20150917,8
62,20150917,2
58,20150918,11
59,20150918,11
60,20150918,4
61,20150918,13
62,20150918,2
58,20150919,8
59,20150919,13
60,20150919,3
61,20150919,13
62,20150919,2
58,20150920,2
59,20150920,13
60,20150920,5
61,20150920,5
62,20150920,2
58,20150921,12
59,20150921,27
60,20150921,4
61,20150921,10
62,20150921,6
58,20150922,10
59,20150922,12
60,20150922,10
61,20150922,9
62,20150922,2
58,20150923,10
59,20150923,13
60,20150923,9
61,20150923,10
62,20150923,3
58,20150924,13
59,20150924,15
60,20150924,10
61,20150924,12
62,20150924,4
58,20150925,17
59,20150925,23
60,20150925,9
61,20150925,16
62,20150925,2
58,20150926,13
59,20150926,19
60,20150926,2
61,20150926,18
62,20150926,2
58,20150927,23
59,20150927,25
60,20150927,10
61,20150927,20
62,20150927,8
58,20150928,37
59,20150928,31
60,20150928,21
61,20150928,25
62,20150928,6
58,20150929,52
59,20150929,56
60,20150929,27
61,20150929,39
62,20150929,6
58,20150930,43
59,20150930,52
60,20150930,29
61,20150930,39
62,20150930,13
58,20151001,37
59,20151001,60
60,20151001,24
61,20151001,40
62,20151001,12
58,20151002,51
59,20151002,52
60,20151002,28
61,20151002,44
62,20151002,13
58,20151003,50
59,20151003,49
60,20151003,26
61,20151003,36
62,20151003,10
58,20151004,41
59,20151004,53
60,20151004,20
61,20151004,39
62,20151004,5
58,20151005,64
59,20151005,64
60,20151005,45
61,20151005,59
62,20151005,17
58,20151006,57
59,20151006,57
60,20151006,35
61,20151006,48
62,20151006,11
58,20151007,75
59,20151007,73
60,20151007,24
61,20151007,51
62,20151007,16
58,20151008,44
59,20151008,63
60,20151008,34
61,20151008,34
62,20151008,8
58,20151009,62
59,20151009,59
60,20151009,29
61,20151009,43
62,20151009,12
58,20151010,63
59,20151010,44
60,20151010,31
61,20151010,39
62,20151010,10
58,20151011,62
59,20151011,45
60,20151011,22
61,20151011,37
62,20151011,9
58,20151012,73
59,20151012,63
60,20151012,33
61,20151012,40
62,20151012,13
58,20151013,72
59,20151013,68
60,20151013,43
61,20151013,48
62,20151013,7
58,20151014,49
59,20151014,62
60,20151014,33
61,20151014,44
62,20151014,14
58,20151015,53
59,20151015,55
60,20151015,33
61,20151015,27
62,20151015,10
58,20151016,50
59,20151016,63
60,20151016,33
61,20151016,60
62,20151016,15
58,20151017,41
59,20151017,47
60,20151017,26
61,20151017,38
62,20151017,6
58,20151018,40
59,20151018,59
60,20151018,26
61,20151018,29
62,20151018,9
58,20151019,56
59,20151019,68
60,20151019,35
61,20151019,42
62,20151019,11
58,20151020,59
59,20151020,51
60,20151020,29
61,20151020,46
62,20151020,9
58,20151021,58
59,20151021,52
60,20151021,31
61,20151021,55
62,20151021,8
58,20151022,53
59,20151022,55
60,20151022,40
61,20151022,33
62,20151022,14
58,20151023,54
59,20151023,56
60,20151023,36
61,20151023,41
62,20151023,13
58,20151024,44
59,20151024,46
60,20151024,24
61,20151024,43
62,20151024,10
58,20151025,50
59,20151025,40
60,20151025,17
61,20151025,36
62,20151025,5
58,20151026,66
59,20151026,38
60,20151026,38
61,20151026,47
62,20151026,20
58,20151027,59
59,20151027,60
60,20151027,23
61,20151027,42
62,20151027,16
58,20151028,54
59,20151028,53
60,20151028,23
61,20151028,40
62,20151028,12
58,20151029,50
59,20151029,48
60,20151029,32
61,20151029,49
62,20151029,15
58,20151030,59
59,20151030,55
60,20151030,24
61,20151030,31
62,20151030,13
58,20151031,40
59,20151031,39
60,20151031,26
61,20151031,41
62,20151031,8
58,20151101,54
59,20151101,31
60,20151101,23
61,20151101,32
62,20151101,11
58,20151102,61
59,20151102,57
60,20151102,31
61,20151102,55
62,20151102,14
58,20151103,61
59,20151103,83
60,20151103,37
61,20151103,43
62,20151103,10
58,20151104,58
59,20151104,59
60,20151104,32
61,20151104,40
62,20151104,12
58,20151105,54
59,20151105,47
60,20151105,31
61,20151105,48
62,20151105,12
58,20151106,38
59,20151106,54
60,20151106,25
61,20151106,64
62,20151106,10
58,20151107,45
59,20151107,45
60,20151107,23
61,20151107,40
62,20151107,14
58,20151108,46
59,20151108,34
60,20151108,15
61,20151108,31
62,20151108,9
58,20151109,49
59,20151109,66
60,20151109,31
61,20151109,51
62,20151109,14
58,20151110,64
59,20151110,53
60,20151110,15
61,20151110,35
62,20151110,14
58,20151111,47
59,20151111,56
60,20151111,37
61,20151111,40
62,20151111,10
58,20151112,50
59,20151112,50
60,20151112,28
61,20151112,39
62,20151112,12
58,20151113,44
59,20151113,45
60,20151113,29
61,20151113,37
62,20151113,9
58,20151114,51
59,20151114,54
60,20151114,25
61,20151114,31
62,20151114,8
58,20151115,53
59,20151115,41
60,20151115,18
61,20151115,51
62,20151115,4
58,20151116,68
59,20151116,59
60,20151116,34
61,20151116,62
62,20151116,11
58,20151117,47
59,20151117,65
60,20151117,34
61,20151117,43
62,20151117,12
58,20151118,47
59,20151118,51
60,20151118,37
61,20151118,33
62,20151118,15
58,20151119,50
59,20151119,52
60,20151119,25
61,20151119,46
62,20151119,16
58,20151120,51
59,20151120,51
60,20151120,35
61,20151120,34
62,20151120,9
58,20151121,41
59,20151121,53
60,20151121,22
61,20151121,38
62,20151121,10
58,20151122,57
59,20151122,42
60,20151122,18
61,20151122,34
62,20151122,13
58,20151123,63
59,20151123,65
60,20151123,25
61,20151123,52
62,20151123,11
58,20151124,59
59,20151124,54
60,20151124,30
61,20151124,34
62,20151124,9
58,20151125,37
59,20151125,42
60,20151125,32
61,20151125,32
62,20151125,7
58,20151126,44
59,20151126,48
60,20151126,23
61,20151126,33
62,20151126,6
58,20151127,56
59,20151127,68
60,20151127,35
61,20151127,49
62,20151127,11
58,20151128,55
59,20151128,59
60,20151128,18
61,20151128,50
62,20151128,6
58,20151129,49
59,20151129,42
60,20151129,23
61,20151129,47
62,20151129,10
58,20151130,69
59,20151130,68
60,20151130,31
61,20151130,49
62,20151130,12
58,20151201,66
59,20151201,71
60,20151201,33
61,20151201,58
62,20151201,14
58,20151202,62
59,20151202,65
60,20151202,31
61,20151202,46
62,20151202,12
58,20151203,69
59,20151203,55
60,20151203,25
61,20151203,46
62,20151203,13
58,20151204,52
59,20151204,67
60,20151204,32
61,20151204,39
62,20151204,13
58,20151205,53
59,20151205,52
60,20151205,28
61,20151205,30
62,20151205,12
58,20151206,62
59,20151206,52
60,20151206,30
61,20151206,34
62,20151206,6
58,20151207,78
59,20151207,56
60,20151207,42
61,20151207,43
62,20151207,15
58,20151208,69
59,20151208,68
60,20151208,30
61,20151208,60
62,20151208,16
58,20151209,70
59,20151209,57
60,20151209,43
61,20151209,48
62,20151209,9
58,20151210,65
59,20151210,63
60,20151210,38
61,20151210,63
62,20151210,11
58,20151211,57
59,20151211,66
60,20151211,31
61,20151211,55
62,20151211,14
58,20151212,50
59,20151212,49
60,20151212,28
61,20151212,45
62,20151212,5
58,20151213,56
59,20151213,57
60,20151213,24
61,20151213,61
62,20151213,8
58,20151214,73
59,20151214,81
60,20151214,33
61,20151214,53
62,20151214,10
58,20151215,65
59,20151215,68
60,20151215,33
61,20151215,48
62,20151215,21
58,20151216,55
59,20151216,62
60,20151216,30
61,20151216,58
62,20151216,6
58,20151217,70
59,20151217,69
60,20151217,33
61,20151217,48
62,20151217,10
58,20151218,65
59,20151218,55
60,20151218,30
61,20151218,42
62,20151218,9
58,20151219,60
59,20151219,49
60,20151219,27
61,20151219,41
62,20151219,7
58,20151220,57
59,20151220,52
60,20151220,29
61,20151220,46
62,20151220,12
58,20151221,77
59,20151221,65
60,20151221,30
61,20151221,52
62,20151221,13
58,20151222,73
59,20151222,78
60,20151222,24
61,20151222,57
62,20151222,10
58,20151223,44
59,20151223,48
60,20151223,28
61,20151223,46
62,20151223,10
58,20151224,57
59,20151224,68
60,20151224,23
61,20151224,48
62,20151224,9
58,20151225,56
59,20151225,50
60,20151225,27
61,20151225,34
62,20151225,8
58,20151226,50
59,20151226,45
60,20151226,24
61,20151226,33
62,20151226,9
58,20151227,56
59,20151227,54
60,20151227,26
61,20151227,37
62,20151227,14
58,20151228,46
59,20151228,48
60,20151228,28
61,20151228,43
62,20151228,20
58,20151229,38
59,20151229,32
60,20151229,16
61,20151229,20
62,20151229,8
58,20151230,18
59,20151230,20
60,20151230,7
61,20151230,10
62,20151230,5
58,20151231,5
59,20151231,0
60,20151231,3
61,20151231,0
62,20151231,3
